op,key,latency_ms,status,version,stale
write,key0021,10.710,201,0,false
write,key0009,10.619,201,0,false
write,key0018,12.831,201,0,false
read,key0048,59.897,200,2998,false
read,key0040,61.237,200,2996,false
read,key0040,61.331,200,2996,false
read,key0019,61.203,200,2958,false
read,key0001,61.109,200,2948,false
read,key0041,61.147,200,3020,false
read,key0032,61.271,200,3026,false
read,key0021,61.189,200,3027,true
read,key0022,61.445,200,2964,false
read,key0035,62.658,200,2859,false
read,key0026,62.528,200,2993,false
read,key0019,62.416,200,2958,false
read,key0003,54.634,200,3025,false
read,key0007,54.723,200,3028,false
write,key0006,4.406,201,0,false
read,key0047,67.221,200,3014,false
read,key0040,76.497,200,2996,false
read,key0020,76.679,200,3012,false
read,key0003,76.838,200,3025,false
read,key0038,63.611,200,2967,false
read,key0021,76.968,200,3027,true
read,key0043,54.685,200,2787,false
read,key0036,54.599,200,2955,false
read,key0040,54.683,200,2996,false
read,key0038,54.639,200,2967,false
read,key0007,55.271,200,3028,false
read,key0034,57.767,200,2975,false
read,key0040,56.981,200,2996,false
write,key0006,2.927,201,0,false
read,key0005,57.966,200,2992,false
write,key0045,1.487,201,0,false
read,key0023,61.356,200,2999,false
read,key0036,59.982,200,2955,false
read,key0030,52.017,200,2872,false
read,key0044,53.299,200,2895,false
read,key0030,53.310,200,2872,false
read,key0032,53.575,200,3026,false
read,key0019,63.238,200,2958,false
read,key0013,63.277,200,3023,false
read,key0013,65.936,200,3023,false
read,key0023,65.894,200,2999,false
read,key0003,69.910,200,3025,false
write,key0010,1.262,201,0,false
read,key0018,54.779,200,2997,true
write,key0012,5.331,201,0,false
read,key0032,52.968,200,3026,false
read,key0015,52.954,200,2987,false
read,key0031,51.843,200,3018,false
read,key0020,53.547,200,3012,false
read,key0031,52.635,200,3018,false
read,key0049,54.083,200,2803,false
read,key0021,53.313,200,3027,true
read,key0002,51.698,200,2910,false
read,key0044,52.324,200,2895,false
read,key0015,59.919,200,2987,false
read,key0024,52.009,200,2988,false
read,key0042,51.404,200,2994,false
read,key0043,51.744,200,2787,false
read,key0003,51.478,200,3025,false
read,key0024,51.785,200,2988,false
read,key0038,54.446,200,2967,false
read,key0027,57.786,200,2977,false
read,key0010,57.710,200,3015,true
read,key0001,57.989,200,2948,false
read,key0045,54.509,200,2990,true
read,key0034,51.288,200,2975,false
read,key0011,52.080,200,2968,false
write,key0048,1.088,201,0,false
read,key0035,53.535,200,2859,false
read,key0046,52.985,200,3017,false
read,key0045,52.674,200,2990,true
read,key0026,52.009,200,2993,false
read,key0007,54.153,200,3028,false
read,key0046,53.600,200,3017,false
write,key0035,1.679,201,0,false
read,key0013,59.962,200,3023,false
read,key0008,60.158,200,2989,false
read,key0049,51.694,200,2803,false
read,key0004,50.822,200,2871,false
read,key0040,51.262,200,2996,false
read,key0001,52.885,200,2948,false
read,key0020,54.748,200,3012,false
read,key0025,52.493,200,3004,false
read,key0027,55.971,200,2977,false
read,key0040,51.061,200,2996,false
read,key0006,53.123,200,2974,true
read,key0030,53.620,200,2872,false
read,key0006,51.730,200,2974,true
read,key0041,52.833,200,3020,false
read,key0025,52.961,200,3004,false
read,key0017,51.593,200,3019,false
read,key0010,52.082,200,3015,true
read,key0010,50.734,200,3015,true
read,key0012,52.251,200,3008,true
read,key0030,51.296,200,2872,false
read,key0032,50.682,200,3026,false
read,key0001,50.824,200,2948,false
read,key0000,50.826,200,3021,false
read,key0032,52.339,200,3026,false
read,key0048,52.390,200,2998,true
read,key0005,52.180,200,2992,false
read,key0045,52.841,200,2990,true
read,key0006,52.470,200,2974,true
read,key0008,54.450,200,2989,false
read,key0000,55.231,200,3021,false
read,key0012,54.662,200,3008,true
read,key0028,55.434,200,3016,false
write,key0023,4.658,201,0,false
write,key0014,2.931,201,0,false
write,key0021,1.306,201,0,false
read,key0016,52.080,200,3013,false
read,key0034,50.913,200,2975,false
read,key0007,52.936,200,3028,false
read,key0034,50.800,200,2975,false
read,key0038,51.976,200,2967,false
read,key0028,52.013,200,3016,false
read,key0002,51.208,200,2910,false
read,key0043,51.412,200,2787,false
read,key0002,51.976,200,2910,false
read,key0005,51.938,200,2992,false
read,key0011,54.151,200,2968,false
write,key0048,1.331,201,0,false
read,key0032,52.300,200,3026,false
read,key0024,53.051,200,2988,false
read,key0011,52.619,200,2968,false
read,key0032,54.086,200,3026,false
write,key0039,0.433,201,0,false
read,key0021,51.492,200,3027,true
read,key0041,51.520,200,3020,false
read,key0015,52.479,200,2987,false
read,key0040,55.652,200,2996,false
read,key0030,60.134,200,2872,false
read,key0022,52.518,200,2964,false
read,key0029,53.427,200,3022,false
read,key0019,53.673,200,2958,false
read,key0011,54.496,200,2968,false
read,key0003,51.938,200,3025,false
read,key0018,51.972,200,2997,true
read,key0030,51.849,200,2872,false
read,key0035,51.580,200,2859,true
read,key0048,52.535,200,2998,true
read,key0030,55.361,200,2872,false
read,key0009,50.959,200,2920,true
read,key0010,52.607,200,3015,true
read,key0005,52.100,200,2992,false
read,key0047,51.100,200,3014,false
write,key0012,0.417,201,0,false
read,key0017,51.835,200,3019,false
read,key0039,51.818,200,3002,true
read,key0035,53.492,200,2859,true
read,key0038,53.034,200,2967,false
read,key0026,50.969,200,2993,false
read,key0039,53.123,200,3002,true
read,key0002,50.773,200,2910,false
read,key0013,51.432,200,3023,false
read,key0034,50.860,200,2975,false
read,key0035,51.413,200,2859,true
read,key0041,52.081,200,3020,false
read,key0024,52.093,200,2988,false
read,key0014,51.373,200,2983,true
read,key0031,51.750,200,3018,false
read,key0005,52.468,200,2992,false
read,key0016,51.827,200,3013,false
read,key0010,52.099,200,3015,true
read,key0032,53.721,200,3026,false
read,key0008,52.173,200,2989,false
read,key0035,51.766,200,2859,true
read,key0035,52.918,200,2859,true
read,key0007,51.258,200,3028,false
read,key0045,51.547,200,2990,true
read,key0029,52.883,200,3022,false
read,key0026,56.628,200,2993,false
read,key0014,54.994,200,2983,true
read,key0031,52.983,200,3018,false
read,key0043,52.956,200,2787,false
read,key0007,53.639,200,3028,false
read,key0001,53.736,200,2948,false
read,key0014,51.891,200,2983,true
read,key0014,51.967,200,2983,true
read,key0035,53.993,200,2859,true
read,key0015,54.640,200,2987,false
read,key0002,55.626,200,2910,false
read,key0032,59.944,200,3026,false
read,key0000,54.270,200,3021,false
read,key0025,54.076,200,3004,false
write,key0030,4.850,201,0,false
read,key0040,54.106,200,2996,false
read,key0001,58.377,200,2948,false
read,key0008,52.121,200,2989,false
write,key0023,1.880,201,0,false
read,key0032,53.105,200,3026,false
read,key0010,56.113,200,3015,true
read,key0037,63.106,200,3001,false
read,key0006,55.362,200,2974,true
read,key0025,53.933,200,3004,false
read,key0027,51.239,200,2977,false
read,key0031,53.434,200,3018,false
read,key0048,52.734,200,2998,true
write,key0025,1.230,201,0,false
read,key0028,56.871,200,3016,false
read,key0007,58.624,200,3028,false
read,key0034,51.805,200,2975,false
read,key0012,55.477,200,3008,true
read,key0029,52.654,200,3022,false
read,key0030,52.869,200,2872,true
read,key0036,52.982,200,2955,false
read,key0013,50.776,200,3023,false
read,key0030,54.924,200,2872,true
read,key0045,55.280,200,2990,true
read,key0044,59.092,200,2895,false
read,key0004,57.054,200,2871,false
read,key0004,51.806,200,2871,false
read,key0018,61.177,200,2997,true
read,key0022,50.751,200,2964,false
write,key0042,1.102,201,0,false
read,key0002,53.077,200,2910,false
read,key0042,51.820,200,2994,true
read,key0030,54.146,200,2872,true
read,key0005,52.607,200,2992,false
read,key0022,51.504,200,2964,false
write,key0045,0.464,201,0,false
read,key0018,51.001,200,2997,true
read,key0028,51.554,200,3016,false
read,key0013,50.919,200,3023,false
read,key0005,51.979,200,2992,false
read,key0041,51.157,200,3020,false
read,key0034,51.791,200,2975,false
read,key0047,52.128,200,3014,false
read,key0002,52.324,200,2910,false
read,key0020,51.543,200,3012,false
read,key0003,52.451,200,3025,false
read,key0004,50.726,200,2871,false
read,key0025,50.754,200,3004,true
read,key0043,51.163,200,2787,false
read,key0025,52.545,200,3004,true
read,key0040,50.566,200,2996,false
write,key0001,0.432,201,0,false
read,key0031,52.863,200,3018,false
read,key0026,54.006,200,2993,false
read,key0041,51.814,200,3020,false
read,key0027,51.615,200,2977,false
write,key0024,0.876,201,0,false
read,key0029,52.824,200,3022,false
write,key0004,0.438,201,0,false
read,key0027,51.477,200,2977,false
read,key0007,52.855,200,3028,false
read,key0013,51.367,200,3023,false
read,key0020,52.696,200,3012,false
read,key0027,53.507,200,2977,false
read,key0041,52.547,200,3020,false
read,key0029,52.280,200,3022,false
read,key0039,52.162,200,3002,true
write,key0023,2.430,201,0,false
read,key0009,51.708,200,2920,true
read,key0025,53.268,200,3004,true
read,key0024,50.776,200,2988,true
read,key0043,50.824,200,2787,false
write,key0000,2.148,201,0,false
read,key0005,54.044,200,2992,false
read,key0018,50.983,200,2997,true
write,key0049,0.781,201,0,false
read,key0031,50.686,200,3018,false
read,key0043,52.008,200,2787,false
read,key0046,51.996,200,3017,false
read,key0000,50.780,200,3021,true
read,key0027,53.034,200,2977,false
read,key0036,51.711,200,2955,false
read,key0005,51.571,200,2992,false
read,key0023,51.845,200,2999,true
read,key0038,51.576,200,2967,false
read,key0048,51.587,200,2998,true
read,key0028,52.390,200,3016,false
read,key0005,51.515,200,2992,false
read,key0039,55.586,200,3002,true
write,key0015,3.186,201,0,false
read,key0045,53.044,200,2990,true
read,key0013,52.173,200,3023,false
read,key0033,51.327,200,3024,false
write,key0009,0.963,201,0,false
read,key0042,57.029,200,2994,true
read,key0015,51.835,200,2987,true
read,key0042,51.808,200,2994,true
read,key0049,50.980,200,2803,true
read,key0016,52.527,200,3013,false
read,key0034,50.995,200,2975,false
read,key0047,52.058,200,3014,false
read,key0012,51.454,200,3008,true
read,key0027,51.926,200,2977,false
read,key0038,51.918,200,2967,false
write,key0049,0.695,201,0,false
read,key0019,55.627,200,2958,false
write,key0002,0.380,201,0,false
read,key0027,51.810,200,2977,false
read,key0045,51.812,200,2990,true
read,key0043,56.538,200,2787,false
read,key0025,51.759,200,3004,true
read,key0044,50.982,200,2895,false
read,key0032,54.263,200,3026,false
read,key0004,51.001,200,2871,true
read,key0016,55.360,200,3013,false
write,key0027,0.910,201,0,false
read,key0028,52.670,200,3016,false
write,key0001,0.419,201,0,false
read,key0038,54.035,200,2967,false
read,key0016,56.540,200,3013,false
read,key0000,51.713,200,3021,true
read,key0030,52.089,200,2872,true
read,key0039,52.500,200,3002,true
read,key0005,54.496,200,2992,false
read,key0022,51.753,200,2964,false
read,key0017,51.327,200,3019,false
read,key0033,51.316,200,3024,false
read,key0047,52.902,200,3014,false
read,key0004,51.688,200,2871,true
read,key0015,51.654,200,2987,true
read,key0023,52.238,200,2999,true
read,key0032,52.580,200,3026,false
read,key0012,51.185,200,3008,true
read,key0015,51.585,200,2987,true
read,key0010,51.629,200,3015,true
read,key0013,51.155,200,3023,false
read,key0029,52.860,200,3022,false
write,key0020,2.699,201,0,false
read,key0049,51.869,200,2803,true
read,key0022,52.681,200,2964,false
read,key0015,51.514,200,2987,true
read,key0035,53.632,200,2859,true
read,key0047,51.002,200,3014,false
read,key0040,55.657,200,2996,false
read,key0000,54.394,200,3021,true
read,key0019,53.043,200,2958,false
read,key0029,54.710,200,3022,false
write,key0030,0.408,201,0,false
read,key0019,55.340,200,2958,false
read,key0049,53.121,200,2803,true
write,key0040,0.463,201,0,false
read,key0027,52.508,200,2977,true
read,key0033,52.757,200,3024,false
read,key0012,53.687,200,3008,true
read,key0048,51.362,200,2998,true
read,key0024,52.022,200,2988,true
write,key0027,0.379,201,0,false
read,key0017,55.034,200,3019,false
read,key0031,52.520,200,3018,false
write,key0043,0.622,201,0,false
write,key0027,0.390,201,0,false
read,key0021,52.034,200,3027,true
read,key0040,54.153,200,2996,true
read,key0040,52.269,200,2996,true
read,key0028,51.126,200,3016,false
read,key0008,51.549,200,2989,false
read,key0028,52.458,200,3016,false
read,key0034,54.235,200,2975,false
read,key0013,55.681,200,3023,false
read,key0003,50.935,200,3025,false
read,key0015,50.939,200,2987,true
read,key0013,50.810,200,3023,false
read,key0001,51.900,200,2948,true
read,key0019,52.213,200,2958,false
write,key0029,0.467,201,0,false
write,key0002,0.499,201,0,false
read,key0024,51.014,200,2988,true
read,key0026,51.316,200,2993,false
write,key0002,0.355,201,0,false
write,key0018,0.462,201,0,false
read,key0012,53.011,200,3008,true
read,key0011,51.852,200,2968,false
read,key0023,53.963,200,2999,true
read,key0030,54.639,200,2872,true
read,key0048,55.349,200,2998,true
read,key0016,52.168,200,3013,false
read,key0029,53.708,200,3022,true
write,key0016,1.589,201,0,false
write,key0044,3.425,201,0,false
read,key0044,52.759,200,2895,true
read,key0037,50.588,200,3001,false
read,key0026,51.975,200,2993,false
read,key0003,53.512,200,3025,false
read,key0017,52.149,200,3019,false
read,key0024,54.038,200,2988,true
read,key0038,52.086,200,2967,false
read,key0013,51.173,200,3023,false
read,key0042,51.470,200,2994,true
read,key0008,52.702,200,2989,false
read,key0011,51.477,200,2968,false
read,key0013,52.534,200,3023,false
write,key0031,1.865,201,0,false
read,key0026,53.179,200,2993,false
write,key0042,2.614,201,0,false
read,key0001,56.248,200,2948,true
read,key0044,51.836,200,2895,true
read,key0022,53.070,200,2964,false
read,key0025,57.013,200,3004,true
read,key0000,54.987,200,3021,true
read,key0040,52.816,200,2996,true
read,key0017,51.510,200,3019,false
read,key0017,58.833,200,3019,false
read,key0010,52.004,200,3015,true
read,key0023,53.122,200,2999,true
read,key0021,60.398,200,3027,true
read,key0047,51.437,200,3014,false
read,key0014,51.552,200,2983,true
read,key0044,52.798,200,2895,true
read,key0040,53.467,200,2996,true
read,key0039,52.815,200,3002,true
read,key0046,54.826,200,3017,false
read,key0025,54.855,200,3004,true
read,key0037,54.106,200,3001,false
write,key0013,12.357,201,0,false
write,key0009,10.991,201,0,false
read,key0012,52.625,200,3008,true
read,key0006,52.039,200,2974,true
read,key0009,58.085,200,2920,true
read,key0011,58.158,200,2968,false
read,key0007,58.098,200,3028,false
read,key0041,55.446,200,3020,false
write,key0036,2.382,201,0,false
read,key0002,61.067,200,2910,true
read,key0037,60.775,200,3001,false
read,key0021,57.720,200,3027,true
write,key0012,8.297,201,0,false
read,key0034,57.464,200,2975,false
read,key0007,54.829,200,3028,false
read,key0023,55.099,200,2999,true
read,key0011,56.950,200,2968,false
read,key0025,58.818,200,3004,true
read,key0021,57.335,200,3027,true
read,key0015,76.243,200,2987,true
read,key0007,53.699,200,3028,false
read,key0041,61.189,200,3020,false
read,key0013,51.737,200,3023,true
write,key0041,0.559,201,0,false
read,key0042,57.809,200,2994,true
read,key0001,53.629,200,2948,true
read,key0049,53.214,200,2803,true
read,key0047,53.358,200,3014,false
read,key0024,54.653,200,2988,true
read,key0047,61.620,200,3014,false
read,key0009,57.533,200,2920,true
write,key0001,0.821,201,0,false
read,key0020,53.212,200,3012,true
read,key0042,58.269,200,2994,true
read,key0037,54.322,200,3001,false
read,key0021,58.507,200,3027,true
read,key0029,57.050,200,3022,true
read,key0016,59.660,200,3013,true
read,key0006,58.649,200,2974,true
read,key0025,56.464,200,3004,true
write,key0041,1.541,201,0,false
read,key0045,53.603,200,2990,true
read,key0004,52.337,200,2871,true
read,key0049,53.930,200,2803,true
write,key0011,1.390,201,0,false
read,key0001,52.464,200,2948,true
read,key0045,51.265,200,2990,true
write,key0006,0.757,201,0,false
read,key0043,52.462,200,2787,true
write,key0030,0.507,201,0,false
read,key0043,51.094,200,2787,true
write,key0044,0.913,201,0,false
read,key0045,52.528,200,2990,true
read,key0042,52.926,200,2994,true
read,key0010,52.696,200,3015,true
read,key0021,52.983,200,3027,true
read,key0042,52.715,200,2994,true
read,key0041,52.952,200,3020,true
read,key0046,51.246,200,3017,false
read,key0042,57.406,200,2994,true
read,key0034,50.960,200,2975,false
read,key0000,51.737,200,3021,true
read,key0038,52.926,200,2967,false
read,key0044,51.228,200,2895,true
read,key0034,51.218,200,2975,false
write,key0046,1.287,201,0,false
read,key0048,53.617,200,2998,true
read,key0047,54.063,200,3014,false
read,key0010,52.832,200,3015,true
read,key0040,54.740,200,2996,true
read,key0014,51.482,200,2983,true
read,key0019,55.086,200,2958,false
read,key0010,52.210,200,3015,true
read,key0018,52.558,200,2997,true
read,key0048,52.265,200,2998,true
read,key0039,52.510,200,3002,true
read,key0002,52.668,200,2910,true
read,key0048,51.865,200,2998,true
read,key0011,53.821,200,2968,true
read,key0042,53.416,200,2994,true
read,key0011,54.609,200,2968,true
read,key0001,52.941,200,2948,true
read,key0032,53.750,200,3026,false
write,key0044,3.234,201,0,false
read,key0009,53.639,200,2920,true
read,key0038,55.435,200,2967,false
read,key0000,59.401,200,3021,true
read,key0027,59.704,200,2977,true
read,key0038,52.258,200,2967,false
read,key0020,51.924,200,3012,true
read,key0021,51.474,200,3027,true
write,key0038,2.959,201,0,false
write,key0036,6.839,201,0,false
read,key0041,52.924,200,3020,true
read,key0000,53.500,200,3021,true
read,key0015,53.263,200,2987,true
read,key0012,52.884,200,3008,true
read,key0004,54.946,200,2871,true
read,key0019,54.436,200,2958,false
read,key0017,52.998,200,3019,false
read,key0045,61.143,200,2990,true
read,key0001,53.312,200,2948,true
read,key0049,53.691,200,2803,true
read,key0010,58.610,200,3015,true
read,key0033,52.653,200,3024,false
read,key0034,51.403,200,2975,false
read,key0029,53.411,200,3022,true
read,key0009,53.512,200,2920,true
read,key0020,55.654,200,3012,true
read,key0013,62.940,200,3023,true
read,key0003,63.048,200,3025,false
read,key0047,53.631,200,3014,false
read,key0009,52.235,200,2920,true
read,key0023,52.293,200,2999,true
read,key0036,53.538,200,2955,true
read,key0007,53.830,200,3028,false
read,key0022,66.878,200,2964,false
read,key0004,54.007,200,2871,true
read,key0021,56.027,200,3027,true
write,key0026,2.625,201,0,false
read,key0030,53.427,200,2872,true
read,key0005,55.900,200,2992,false
read,key0014,52.227,200,2983,true
write,key0020,3.255,201,0,false
read,key0030,51.447,200,2872,true
read,key0007,51.689,200,3028,false
read,key0005,53.203,200,2992,false
read,key0006,54.772,200,2974,true
read,key0015,53.791,200,2987,true
read,key0014,57.196,200,2983,true
read,key0045,57.705,200,2990,true
read,key0033,55.487,200,3024,false
write,key0036,1.300,201,0,false
read,key0044,53.911,200,2895,true
read,key0010,53.030,200,3015,true
read,key0018,53.031,200,2997,true
read,key0028,54.235,200,3016,false
write,key0022,1.358,201,0,false
read,key0029,52.348,200,3022,true
read,key0013,55.930,200,3023,true
read,key0039,55.531,200,3002,true
read,key0016,52.361,200,3013,true
read,key0007,55.589,200,3028,false
read,key0033,56.753,200,3024,false
read,key0036,52.487,200,2955,true
read,key0026,52.341,200,2993,true
read,key0034,53.542,200,2975,false
read,key0023,52.662,200,2999,true
read,key0029,65.076,200,3022,true
read,key0007,68.318,200,3028,false
read,key0029,52.928,200,3022,true
read,key0035,51.481,200,2859,true
read,key0036,51.861,200,2955,true
read,key0047,55.302,200,3014,false
read,key0030,51.889,200,2872,true
read,key0028,54.218,200,3016,false
read,key0035,53.032,200,2859,true
read,key0015,55.404,200,2987,true
read,key0003,54.278,200,3025,false
read,key0042,54.302,200,2994,true
read,key0023,55.621,200,2999,true
read,key0006,60.478,200,2974,true
read,key0019,53.239,200,2958,false
write,key0027,9.137,201,0,false
read,key0025,51.914,200,3004,true
read,key0026,52.971,200,2993,true
read,key0029,62.335,200,3022,true
read,key0027,60.342,200,2977,true
read,key0006,51.480,200,2974,true
read,key0032,52.439,200,3026,false
read,key0001,53.158,200,2948,true
write,key0038,1.965,201,0,false
read,key0020,50.655,200,3012,true
read,key0005,51.185,200,2992,false
write,key0020,0.577,201,0,false
read,key0004,51.920,200,2871,true
read,key0045,53.262,200,2990,true
read,key0012,51.738,200,3008,true
read,key0029,54.125,200,3022,true
read,key0024,59.538,200,2988,true
read,key0049,54.067,200,2803,true
read,key0043,52.796,200,2787,true
read,key0037,52.798,200,3001,false
read,key0032,52.494,200,3026,false
read,key0008,51.893,200,2989,false
read,key0040,56.399,200,2996,true
read,key0013,53.649,200,3023,true
read,key0037,57.389,200,3001,false
read,key0018,52.458,200,2997,true
read,key0044,64.885,200,2895,true
read,key0014,58.714,200,2983,true
read,key0030,66.925,200,2872,true
read,key0037,53.633,200,3001,false
read,key0019,50.927,200,2958,false
read,key0040,50.755,200,2996,true
read,key0047,50.911,200,3014,false
read,key0040,51.781,200,2996,true
read,key0018,52.833,200,2997,true
read,key0021,51.933,200,3027,true
read,key0005,51.933,200,2992,false
read,key0038,52.042,200,2967,true
read,key0009,54.368,200,2920,true
read,key0048,53.237,200,2998,true
write,key0046,0.470,201,0,false
read,key0035,52.627,200,2859,true
read,key0025,56.988,200,3004,true
read,key0032,52.049,200,3026,false
read,key0003,52.825,200,3025,false
read,key0044,51.453,200,2895,true
read,key0040,50.906,200,2996,true
read,key0014,58.426,200,2983,true
read,key0010,55.641,200,3015,true
read,key0018,55.824,200,2997,true
read,key0011,52.251,200,2968,true
read,key0011,52.244,200,2968,true
read,key0034,51.889,200,2975,false
read,key0011,52.229,200,2968,true
read,key0017,51.372,200,3019,false
read,key0043,57.169,200,2787,true
read,key0008,50.831,200,2989,false
read,key0031,50.764,200,3018,true
read,key0049,52.630,200,2803,true
read,key0031,55.056,200,3018,true
read,key0048,51.696,200,2998,true
read,key0029,51.149,200,3022,true
read,key0002,53.855,200,2910,true
read,key0016,50.764,200,3013,true
write,key0034,0.447,201,0,false
read,key0037,52.881,200,3001,false
read,key0022,52.183,200,2964,true
read,key0001,53.087,200,2948,true
read,key0002,52.386,200,2910,true
read,key0013,52.412,200,3023,true
read,key0015,54.305,200,2987,true
read,key0041,54.700,200,3020,true
read,key0010,52.814,200,3015,true
read,key0010,51.642,200,3015,true
read,key0025,51.930,200,3004,true
read,key0006,53.551,200,2974,true
read,key0045,51.222,200,2990,true
read,key0042,51.730,200,2994,true
read,key0035,51.000,200,2859,true
read,key0046,50.624,200,3017,true
read,key0008,53.421,200,2989,false
write,key0001,0.731,201,0,false
read,key0001,52.400,200,2948,true
read,key0007,53.010,200,3028,false
read,key0031,52.301,200,3018,true
read,key0017,54.915,200,3019,false
read,key0031,51.753,200,3018,true
read,key0030,52.449,200,2872,true
read,key0003,52.691,200,3025,false
read,key0002,51.065,200,2910,true
read,key0049,53.342,200,2803,true
read,key0005,53.683,200,2992,false
read,key0036,51.060,200,2955,true
read,key0024,56.548,200,2988,true
read,key0001,51.986,200,2948,true
read,key0001,52.405,200,2948,true
read,key0000,52.364,200,3021,true
read,key0003,51.144,200,3025,false
read,key0043,52.926,200,2787,true
read,key0040,51.193,200,2996,true
read,key0028,50.747,200,3016,false
read,key0041,52.727,200,3020,true
write,key0030,2.430,201,0,false
read,key0003,55.275,200,3025,false
read,key0046,51.752,200,3017,true
read,key0037,53.975,200,3001,false
read,key0043,50.874,200,2787,true
read,key0022,51.111,200,2964,true
read,key0048,51.778,200,2998,true
read,key0042,51.104,200,2994,true
read,key0027,51.261,200,2977,true
read,key0022,50.722,200,2964,true
read,key0012,52.056,200,3008,true
read,key0021,50.885,200,3027,true
read,key0007,51.252,200,3028,false
read,key0011,51.654,200,2968,true
read,key0047,51.375,200,3014,false
read,key0033,53.649,200,3024,false
read,key0001,50.824,200,2948,true
read,key0041,52.972,200,3020,true
read,key0013,51.678,200,3023,true
read,key0026,53.012,200,2993,true
read,key0037,56.318,200,3001,false
read,key0015,52.709,200,2987,true
read,key0006,54.801,200,2974,true
read,key0025,50.536,200,3004,true
read,key0047,51.214,200,3014,false
read,key0044,50.672,200,2895,true
read,key0048,51.766,200,2998,true
read,key0004,54.245,200,2871,true
read,key0023,54.258,200,2999,true
read,key0047,52.815,200,3014,false
read,key0045,51.892,200,2990,true
read,key0037,52.123,200,3001,false
read,key0041,52.474,200,3020,true
read,key0015,52.621,200,2987,true
read,key0010,52.714,200,3015,true
read,key0000,58.611,200,3021,true
read,key0029,52.080,200,3022,true
read,key0025,52.939,200,3004,true
read,key0033,51.854,200,3024,false
read,key0030,52.452,200,2872,true
read,key0021,54.967,200,3027,true
read,key0031,55.178,200,3018,true
read,key0001,53.189,200,2948,true
read,key0042,51.044,200,2994,true
read,key0033,52.316,200,3024,false
read,key0001,51.193,200,2948,true
read,key0044,52.108,200,2895,true
write,key0034,0.463,201,0,false
write,key0040,0.543,201,0,false
read,key0024,52.836,200,2988,true
read,key0006,51.179,200,2974,true
read,key0003,50.703,200,3025,false
read,key0015,51.067,200,2987,true
read,key0015,52.190,200,2987,true
read,key0041,52.594,200,3020,true
read,key0034,53.171,200,2975,true
read,key0039,54.151,200,3002,true
read,key0009,54.422,200,2920,true
read,key0027,52.374,200,2977,true
write,key0019,0.473,201,0,false
write,key0030,0.499,201,0,false
read,key0044,51.948,200,2895,true
read,key0033,51.123,200,3024,false
write,key0019,0.522,201,0,false
read,key0046,50.972,200,3017,true
read,key0043,51.552,200,2787,true
read,key0025,51.533,200,3004,true
read,key0042,50.761,200,2994,true
read,key0044,51.508,200,2895,true
read,key0047,51.989,200,3014,false
read,key0021,53.219,200,3027,true
read,key0004,56.773,200,2871,true
read,key0017,58.130,200,3019,false
read,key0033,59.517,200,3024,false
read,key0012,52.436,200,3008,true
read,key0037,54.209,200,3001,false
read,key0036,61.094,200,2955,true
read,key0009,59.559,200,2920,true
read,key0033,54.224,200,3024,false
read,key0038,53.775,200,2967,true
write,key0047,2.489,201,0,false
read,key0019,54.350,200,2958,true
write,key0030,1.282,201,0,false
read,key0044,51.535,200,2895,true
read,key0047,50.949,200,3014,true
read,key0043,55.243,200,2787,true
read,key0004,54.131,200,2871,true
write,key0014,0.905,201,0,false
read,key0003,52.168,200,3025,false
read,key0047,51.722,200,3014,true
read,key0039,52.930,200,3002,true
read,key0033,55.084,200,3024,false
read,key0019,55.302,200,2958,true
read,key0014,55.377,200,2983,true
read,key0014,51.258,200,2983,true
read,key0007,51.307,200,3028,false
read,key0047,51.361,200,3014,true
read,key0013,51.304,200,3023,true
read,key0019,51.842,200,2958,true
read,key0026,51.657,200,2993,true
read,key0027,51.947,200,2977,true
read,key0007,53.234,200,3028,false
write,key0024,2.047,201,0,false
read,key0003,53.604,200,3025,false
read,key0035,51.629,200,2859,true
read,key0043,52.948,200,2787,true
write,key0029,0.870,201,0,false
read,key0029,53.138,200,3022,true
read,key0032,58.926,200,3026,false
read,key0026,52.872,200,2993,true
read,key0025,52.862,200,3004,true
read,key0024,52.911,200,2988,true
write,key0015,0.837,201,0,false
read,key0042,55.094,200,2994,true
read,key0045,52.336,200,2990,true
read,key0024,52.714,200,2988,true
read,key0006,53.571,200,2974,true
read,key0002,51.356,200,2910,true
read,key0001,51.378,200,2948,true
read,key0038,51.967,200,2967,true
read,key0049,51.958,200,2803,true
read,key0044,51.639,200,2895,true
read,key0031,50.610,200,3018,true
read,key0018,52.646,200,2997,true
read,key0002,50.749,200,2910,true
read,key0026,50.955,200,2993,true
read,key0035,50.655,200,2859,true
read,key0037,51.912,200,3001,false
read,key0037,52.226,200,3001,false
read,key0000,52.073,200,3021,true
write,key0035,1.850,201,0,false
read,key0003,51.383,200,3025,false
read,key0037,50.928,200,3001,false
write,key0026,0.998,201,0,false
read,key0042,53.068,200,2994,true
read,key0027,51.400,200,2977,true
read,key0033,53.205,200,3024,false
read,key0030,51.910,200,2872,true
read,key0009,53.005,200,2920,true
write,key0028,0.367,201,0,false
write,key0031,0.403,201,0,false
read,key0028,50.757,200,3016,true
read,key0038,50.830,200,2967,true
write,key0027,0.461,201,0,false
write,key0012,0.488,201,0,false
read,key0003,52.068,200,3025,false
read,key0038,52.057,200,2967,true
read,key0008,52.074,200,2989,false
read,key0005,51.833,200,2992,false
read,key0037,53.453,200,3001,false
read,key0044,51.779,200,2895,true
read,key0022,57.134,200,2964,true
write,key0001,0.393,201,0,false
read,key0015,57.012,200,2987,true
read,key0038,50.919,200,2967,true
read,key0004,51.113,200,2871,true
read,key0017,52.011,200,3019,false
read,key0018,51.896,200,2997,true
read,key0015,53.373,200,2987,true
write,key0004,0.949,201,0,false
read,key0004,58.944,200,2871,true
read,key0027,50.986,200,2977,true
read,key0031,51.537,200,3018,true
write,key0042,1.351,201,0,false
read,key0001,51.910,200,2948,true
read,key0014,52.465,200,2983,true
read,key0035,51.919,200,2859,true
read,key0026,52.837,200,2993,true
read,key0011,52.306,200,2968,true
read,key0003,52.322,200,3025,false
read,key0014,52.943,200,2983,true
read,key0027,55.145,200,2977,true
read,key0039,59.238,200,3002,true
read,key0022,62.280,200,2964,true
read,key0027,64.092,200,2977,true
read,key0042,57.894,200,2994,true
read,key0046,53.011,200,3017,true
read,key0032,52.060,200,3026,false
read,key0011,51.552,200,2968,true
read,key0040,51.494,200,2996,true
read,key0043,54.504,200,2787,true
write,key0010,1.015,201,0,false
read,key0047,53.192,200,3014,true
read,key0028,54.607,200,3016,true
write,key0043,2.165,201,0,false
read,key0020,53.911,200,3012,true
read,key0021,53.649,200,3027,true
read,key0004,52.418,200,2871,true
read,key0026,53.364,200,2993,true
read,key0033,66.717,200,3024,false
read,key0042,60.584,200,2994,true
read,key0004,53.948,200,2871,true
read,key0018,53.245,200,2997,true
read,key0006,53.737,200,2974,true
read,key0034,52.916,200,2975,true
read,key0018,52.948,200,2997,true
read,key0029,64.762,200,3022,true
read,key0025,64.861,200,3004,true
read,key0004,55.923,200,2871,true
read,key0038,52.723,200,2967,true
read,key0040,51.509,200,2996,true
read,key0024,52.451,200,2988,true
read,key0012,54.343,200,3008,true
read,key0047,51.082,200,3014,true
read,key0004,53.311,200,2871,true
read,key0012,51.449,200,3008,true
read,key0017,51.533,200,3019,false
write,key0000,3.001,201,0,false
read,key0012,51.003,200,3008,true
read,key0025,52.978,200,3004,true
read,key0030,50.893,200,2872,true
read,key0049,51.225,200,2803,true
read,key0007,51.730,200,3028,false
read,key0006,52.471,200,2974,true
read,key0009,51.708,200,2920,true
read,key0013,52.889,200,3023,true
read,key0009,52.837,200,2920,true
read,key0000,52.855,200,3021,true
read,key0035,54.237,200,2859,true
read,key0037,50.922,200,3001,false
write,key0005,1.035,201,0,false
write,key0033,4.676,201,0,false
read,key0006,51.613,200,2974,true
write,key0044,0.788,201,0,false
read,key0041,51.254,200,3020,true
read,key0002,50.581,200,2910,true
read,key0029,50.996,200,3022,true
read,key0002,54.182,200,2910,true
read,key0042,52.378,200,2994,true
read,key0026,53.208,200,2993,true
read,key0026,51.593,200,2993,true
read,key0044,52.098,200,2895,true
read,key0002,56.295,200,2910,true
read,key0005,50.821,200,2992,true
read,key0027,50.543,200,2977,true
read,key0021,50.600,200,3027,true
read,key0039,51.117,200,3002,true
read,key0000,51.064,200,3021,true
read,key0006,52.682,200,2974,true
read,key0036,51.872,200,2955,true
read,key0032,53.974,200,3026,false
read,key0017,54.864,200,3019,false
read,key0018,51.722,200,2997,true
read,key0047,51.188,200,3014,true
read,key0047,53.590,200,3014,true
read,key0006,52.563,200,2974,true
read,key0028,52.200,200,3016,true
read,key0043,51.806,200,2787,true
read,key0040,51.898,200,2996,true
read,key0019,55.931,200,2958,true
write,key0014,0.532,201,0,false
read,key0012,55.409,200,3008,true
read,key0004,53.982,200,2871,true
read,key0021,52.717,200,3027,true
read,key0006,52.139,200,2974,true
read,key0043,51.102,200,2787,true
read,key0046,52.345,200,3017,true
read,key0016,53.274,200,3013,true
read,key0017,50.894,200,3019,false
read,key0007,50.973,200,3028,false
read,key0035,51.944,200,2859,true
read,key0023,51.023,200,2999,true
read,key0013,52.752,200,3023,true
write,key0012,0.432,201,0,false
read,key0045,51.799,200,2990,true
read,key0020,53.783,200,3012,true
read,key0004,53.635,200,2871,true
read,key0030,50.901,200,2872,true
read,key0030,50.986,200,2872,true
read,key0014,53.010,200,2983,true
write,key0002,0.852,201,0,false
read,key0004,51.968,200,2871,true
read,key0025,51.750,200,3004,true
read,key0042,51.055,200,2994,true
read,key0028,51.385,200,3016,true
read,key0045,51.109,200,2990,true
read,key0016,51.622,200,3013,true
read,key0024,51.966,200,2988,true
read,key0047,51.538,200,3014,true
read,key0036,53.799,200,2955,true
read,key0016,52.506,200,3013,true
write,key0034,0.567,201,0,false
read,key0028,52.099,200,3016,true
read,key0009,50.770,200,2920,true
read,key0027,50.790,200,2977,true
read,key0025,51.299,200,3004,true
read,key0049,51.386,200,2803,true
read,key0016,52.131,200,3013,true
read,key0046,52.492,200,3017,true
read,key0040,51.852,200,2996,true
read,key0007,53.799,200,3028,false
read,key0034,52.174,200,2975,true
read,key0003,53.167,200,3025,false
read,key0038,51.317,200,2967,true
read,key0042,52.625,200,2994,true
read,key0003,53.339,200,3025,false
write,key0024,1.239,201,0,false
read,key0031,51.765,200,3018,true
read,key0031,51.315,200,3018,true
read,key0006,52.593,200,2974,true
read,key0019,53.158,200,2958,true
read,key0046,52.129,200,3017,true
read,key0015,52.854,200,2987,true
read,key0047,52.305,200,3014,true
read,key0000,51.327,200,3021,true
write,key0043,4.006,201,0,false
read,key0008,52.373,200,2989,false
read,key0009,52.468,200,2920,true
read,key0025,51.390,200,3004,true
read,key0010,51.169,200,3015,true
read,key0034,54.177,200,2975,true
read,key0011,54.270,200,2968,true
read,key0022,50.985,200,2964,true
write,key0013,1.591,201,0,false
read,key0008,51.819,200,2989,false
read,key0011,51.484,200,2968,true
read,key0043,53.679,200,2787,true
read,key0026,56.923,200,2993,true
read,key0013,51.530,200,3023,true
read,key0043,51.337,200,2787,true
read,key0036,51.341,200,2955,true
read,key0009,50.930,200,2920,true
read,key0002,54.348,200,2910,true
read,key0032,50.890,200,3026,false
read,key0035,50.823,200,2859,true
read,key0020,50.917,200,3012,true
read,key0031,52.023,200,3018,true
write,key0022,1.045,201,0,false
read,key0027,58.075,200,2977,true
read,key0026,51.859,200,2993,true
write,key0022,1.509,201,0,false
read,key0004,54.026,200,2871,true
read,key0006,51.909,200,2974,true
read,key0033,51.993,200,3024,true
read,key0024,52.043,200,2988,true
write,key0034,0.426,201,0,false
read,key0028,53.422,200,3016,true
read,key0046,50.986,200,3017,true
write,key0047,0.543,201,0,false
read,key0021,53.397,200,3027,true
read,key0039,53.404,200,3002,true
read,key0014,52.695,200,2983,true
read,key0021,51.528,200,3027,true
read,key0000,53.624,200,3021,true
read,key0016,52.648,200,3013,true
read,key0013,51.203,200,3023,true
read,key0019,51.463,200,2958,true
read,key0035,51.645,200,2859,true
read,key0037,51.813,200,3001,false
read,key0011,51.857,200,2968,true
read,key0038,51.534,200,2967,true
read,key0019,52.001,200,2958,true
write,key0025,1.459,201,0,false
read,key0012,52.215,200,3008,true
read,key0034,51.764,200,2975,true
read,key0007,51.924,200,3028,false
write,key0009,0.821,201,0,false
read,key0033,54.437,200,3024,true
read,key0029,52.855,200,3022,true
read,key0013,52.155,200,3023,true
read,key0012,53.008,200,3008,true
read,key0012,52.143,200,3008,true
read,key0010,52.208,200,3015,true
read,key0035,51.337,200,2859,true
read,key0004,52.644,200,2871,true
read,key0024,51.545,200,2988,true
read,key0017,51.704,200,3019,false
read,key0014,50.987,200,2983,true
read,key0014,51.044,200,2983,true
read,key0004,50.922,200,2871,true
read,key0015,51.112,200,2987,true
read,key0009,51.960,200,2920,true
read,key0019,51.218,200,2958,true
read,key0027,52.710,200,2977,true
read,key0027,56.046,200,2977,true
read,key0026,54.311,200,2993,true
read,key0036,51.558,200,2955,true
read,key0046,52.549,200,3017,true
read,key0008,51.865,200,2989,false
read,key0031,56.418,200,3018,true
write,key0012,2.144,201,0,false
read,key0011,52.798,200,2968,true
read,key0026,52.953,200,2993,true
read,key0013,52.935,200,3023,true
read,key0049,52.211,200,2803,true
read,key0004,52.498,200,2871,true
read,key0020,52.514,200,3012,true
read,key0029,55.506,200,3022,true
read,key0035,51.724,200,2859,true
read,key0043,52.060,200,2787,true
read,key0017,51.423,200,3019,false
read,key0038,53.039,200,2967,true
read,key0010,51.678,200,3015,true
read,key0013,54.846,200,3023,true
read,key0000,52.670,200,3021,true
read,key0023,51.652,200,2999,true
read,key0014,51.057,200,2983,true
read,key0024,51.057,200,2988,true
read,key0022,53.760,200,2964,true
read,key0049,52.397,200,2803,true
read,key0037,52.847,200,3001,false
read,key0010,54.708,200,3015,true
read,key0023,50.929,200,2999,true
read,key0023,51.804,200,2999,true
read,key0020,51.803,200,3012,true
read,key0048,52.859,200,2998,true
read,key0038,53.085,200,2967,true
read,key0012,51.448,200,3008,true
read,key0012,53.181,200,3008,true
read,key0029,52.527,200,3022,true
read,key0003,53.140,200,3025,false
read,key0000,51.294,200,3021,true
read,key0011,53.774,200,2968,true
read,key0031,51.771,200,3018,true
read,key0021,53.384,200,3027,true
read,key0009,51.986,200,2920,true
read,key0033,52.839,200,3024,true
read,key0028,52.839,200,3016,true
read,key0045,55.892,200,2990,true
read,key0047,54.835,200,3014,true
read,key0026,57.697,200,2993,true
read,key0021,60.567,200,3027,true
read,key0007,52.738,200,3028,false
write,key0044,10.527,201,0,false
read,key0016,55.238,200,3013,true
read,key0037,57.129,200,3001,false
read,key0035,57.188,200,2859,true
read,key0003,51.703,200,3025,false
read,key0049,56.684,200,2803,true
read,key0009,55.335,200,2920,true
write,key0045,6.501,201,0,false
read,key0000,58.416,200,3021,true
read,key0019,54.006,200,2958,true
read,key0030,55.345,200,2872,true
read,key0018,56.350,200,2997,true
read,key0014,58.016,200,2983,true
write,key0000,13.520,201,0,false
read,key0020,64.011,200,3012,true
read,key0030,63.919,200,2872,true
read,key0012,53.924,200,3008,true
read,key0013,53.893,200,3023,true
read,key0033,53.853,200,3024,true
read,key0041,51.640,200,3020,true
read,key0045,53.147,200,2990,true
read,key0020,53.833,200,3012,true
read,key0038,53.880,200,2967,true
read,key0033,53.865,200,3024,true
read,key0017,53.957,200,3019,false
read,key0018,53.958,200,2997,true
write,key0039,1.661,201,0,false
write,key0036,1.710,201,0,false
read,key0027,53.788,200,2977,true
read,key0014,58.862,200,2983,true
read,key0018,54.384,200,2997,true
read,key0012,65.565,200,3008,true
read,key0021,55.282,200,3027,true
read,key0033,64.904,200,3024,true
read,key0015,52.430,200,2987,true
read,key0039,66.159,200,3002,true
read,key0040,51.660,200,2996,true
read,key0017,51.695,200,3019,false
read,key0008,50.918,200,2989,false
read,key0016,51.977,200,3013,true
read,key0008,52.890,200,2989,false
read,key0025,55.167,200,3004,true
read,key0045,52.240,200,2990,true
read,key0046,50.604,200,3017,true
read,key0000,51.624,200,3021,true
read,key0024,52.692,200,2988,true
read,key0005,51.847,200,2992,true
read,key0000,51.898,200,3021,true
read,key0005,50.941,200,2992,true
read,key0022,50.736,200,2964,true
read,key0025,53.186,200,3004,true
read,key0006,52.558,200,2974,true
read,key0021,51.830,200,3027,true
read,key0042,52.278,200,2994,true
read,key0021,52.251,200,3027,true
read,key0022,52.807,200,2964,true
read,key0018,53.807,200,2997,true
read,key0046,53.384,200,3017,true
read,key0008,50.779,200,2989,false
read,key0031,52.218,200,3018,true
read,key0037,51.065,200,3001,false
read,key0036,52.143,200,2955,true
read,key0003,52.663,200,3025,false
read,key0025,51.072,200,3004,true
read,key0032,50.961,200,3026,false
read,key0046,52.348,200,3017,true
read,key0041,52.030,200,3020,true
read,key0044,52.224,200,2895,true
read,key0018,50.857,200,2997,true
read,key0043,51.347,200,2787,true
read,key0021,53.920,200,3027,true
read,key0013,51.273,200,3023,true
read,key0047,51.139,200,3014,true
read,key0010,51.347,200,3015,true
read,key0009,53.547,200,2920,true
read,key0016,52.150,200,3013,true
read,key0010,52.734,200,3015,true
read,key0045,53.799,200,2990,true
read,key0029,52.078,200,3022,true
read,key0003,51.693,200,3025,false
write,key0030,0.560,201,0,false
read,key0030,50.563,200,2872,true
read,key0033,50.543,200,3024,true
read,key0003,51.849,200,3025,false
read,key0012,51.263,200,3008,true
read,key0042,52.528,200,2994,true
read,key0023,51.228,200,2999,true
read,key0037,51.065,200,3001,false
read,key0045,53.036,200,2990,true
write,key0039,0.505,201,0,false
read,key0004,51.012,200,2871,true
read,key0003,53.164,200,3025,false
read,key0009,52.223,200,2920,true
read,key0019,50.808,200,2958,true
read,key0006,52.577,200,2974,true
write,key0026,0.520,201,0,false
read,key0027,51.977,200,2977,true
read,key0018,51.999,200,2997,true
read,key0042,51.781,200,2994,true
read,key0041,54.993,200,3020,true
read,key0030,54.731,200,2872,true
read,key0015,52.399,200,2987,true
read,key0048,53.351,200,2998,true
read,key0021,51.365,200,3027,true
read,key0000,51.027,200,3021,true
read,key0014,50.989,200,2983,true
read,key0016,50.596,200,3013,true
read,key0047,50.840,200,3014,true
read,key0023,50.961,200,2999,true
read,key0002,53.006,200,2910,true
read,key0012,51.312,200,3008,true
read,key0040,51.762,200,2996,true
read,key0001,53.001,200,2948,true
write,key0023,0.724,201,0,false
read,key0034,52.174,200,2975,true
read,key0016,52.502,200,3013,true
read,key0040,52.933,200,2996,true
read,key0015,52.007,200,2987,true
read,key0049,51.218,200,2803,true
read,key0045,52.436,200,2990,true
read,key0024,54.693,200,2988,true
read,key0047,52.836,200,3014,true
read,key0042,52.872,200,2994,true
read,key0019,54.191,200,2958,true
read,key0041,51.903,200,3020,true
write,key0016,0.989,201,0,false
read,key0027,50.781,200,2977,true
read,key0011,52.260,200,2968,true
read,key0034,50.672,200,2975,true
read,key0009,51.661,200,2920,true
read,key0038,51.879,200,2967,true
read,key0024,50.703,200,2988,true
read,key0021,50.732,200,3027,true
read,key0027,50.861,200,2977,true
read,key0007,51.903,200,3028,false
read,key0037,53.373,200,3001,false
read,key0041,52.812,200,3020,true
read,key0049,52.813,200,2803,true
read,key0010,52.230,200,3015,true
read,key0019,51.146,200,2958,true
read,key0003,51.203,200,3025,false
read,key0018,51.835,200,2997,true
read,key0045,57.349,200,2990,true
read,key0043,51.662,200,2787,true
read,key0035,53.566,200,2859,true
read,key0042,50.997,200,2994,true
read,key0001,51.018,200,2948,true
read,key0024,51.559,200,2988,true
read,key0012,51.837,200,3008,true
read,key0021,51.935,200,3027,true
read,key0019,51.039,200,2958,true
read,key0011,51.013,200,2968,true
read,key0042,51.248,200,2994,true
write,key0008,5.808,201,0,false
read,key0045,50.895,200,2990,true
read,key0007,50.857,200,3028,false
read,key0043,51.695,200,2787,true
read,key0008,51.615,200,2989,true
read,key0040,50.905,200,2996,true
read,key0000,52.229,200,3021,true
read,key0025,50.785,200,3004,true
write,key0004,2.280,201,0,false
read,key0025,51.840,200,3004,true
read,key0019,53.131,200,2958,true
read,key0018,53.800,200,2997,true
read,key0020,51.301,200,3012,true
read,key0031,53.217,200,3018,true
read,key0005,50.444,200,2992,true
write,key0031,0.731,201,0,false
read,key0015,50.976,200,2987,true
write,key0018,0.414,201,0,false
read,key0019,50.913,200,2958,true
read,key0003,51.008,200,3025,false
read,key0022,53.720,200,2964,true
read,key0019,51.891,200,2958,true
write,key0043,0.461,201,0,false
read,key0037,51.396,200,3001,false
read,key0028,54.784,200,3016,true
read,key0020,51.813,200,3012,true
read,key0029,50.662,200,3022,true
read,key0027,51.113,200,2977,true
write,key0027,0.991,201,0,false
read,key0006,51.757,200,2974,true
read,key0046,52.740,200,3017,true
read,key0044,51.886,200,2895,true
read,key0022,52.791,200,2964,true
read,key0023,51.988,200,2999,true
read,key0003,53.026,200,3025,false
write,key0041,0.515,201,0,false
read,key0048,51.269,200,2998,true
read,key0034,52.091,200,2975,true
read,key0048,50.950,200,2998,true
read,key0031,50.920,200,3018,true
read,key0006,53.395,200,2974,true
read,key0003,51.023,200,3025,false
read,key0016,51.105,200,3013,true
read,key0022,52.109,200,2964,true
read,key0003,53.202,200,3025,false
read,key0039,53.956,200,3002,true
read,key0037,54.222,200,3001,false
read,key0023,51.797,200,2999,true
read,key0026,51.203,200,2993,true
read,key0042,53.063,200,2994,true
read,key0033,51.117,200,3024,true
read,key0002,50.918,200,2910,true
read,key0049,51.875,200,2803,true
read,key0012,51.944,200,3008,true
read,key0023,53.542,200,2999,true
read,key0025,53.038,200,3004,true
read,key0006,53.468,200,2974,true
read,key0022,52.877,200,2964,true
read,key0010,52.404,200,3015,true
read,key0021,51.741,200,3027,true
read,key0024,56.422,200,2988,true
read,key0041,51.925,200,3020,true
read,key0013,51.193,200,3023,true
read,key0014,53.427,200,2983,true
read,key0022,53.423,200,2964,true
read,key0000,56.306,200,3021,true
read,key0046,51.347,200,3017,true
read,key0047,52.437,200,3014,true
read,key0002,52.855,200,2910,true
read,key0035,54.679,200,2859,true
write,key0013,0.352,201,0,false
read,key0041,50.673,200,3020,true
write,key0048,0.475,201,0,false
read,key0044,51.282,200,2895,true
read,key0048,52.784,200,2998,true
read,key0035,55.857,200,2859,true
read,key0019,56.436,200,2958,true
read,key0009,57.485,200,2920,true
read,key0026,56.065,200,2993,true
read,key0000,51.689,200,3021,true
read,key0014,51.689,200,2983,true
write,key0017,0.488,201,0,false
read,key0037,51.050,200,3001,false
read,key0018,53.700,200,2997,true
read,key0026,50.971,200,2993,true
read,key0030,50.887,200,2872,true
read,key0008,50.534,200,2989,true
write,key0017,0.450,201,0,false
read,key0001,52.112,200,2948,true
read,key0019,52.990,200,2958,true
read,key0047,52.409,200,3014,true
read,key0019,52.551,200,2958,true
read,key0029,50.679,200,3022,true
read,key0035,52.040,200,2859,true
read,key0015,51.213,200,2987,true
read,key0041,51.020,200,3020,true
read,key0028,51.639,200,3016,true
read,key0033,51.100,200,3024,true
read,key0031,52.538,200,3018,true
read,key0041,53.426,200,3020,true
read,key0020,52.867,200,3012,true
read,key0012,50.906,200,3008,true
read,key0008,51.366,200,2989,true
read,key0047,50.991,200,3014,true
write,key0004,3.015,201,0,false
read,key0020,53.853,200,3012,true
read,key0020,53.593,200,3012,true
read,key0015,51.353,200,2987,true
read,key0024,51.257,200,2988,true
read,key0002,51.514,200,2910,true
read,key0045,55.372,200,2990,true
write,key0021,0.508,201,0,false
read,key0033,51.475,200,3024,true
read,key0030,52.379,200,2872,true
read,key0041,51.271,200,3020,true
read,key0020,51.749,200,3012,true
read,key0040,51.140,200,2996,true
read,key0008,52.034,200,2989,true
read,key0045,52.631,200,2990,true
read,key0028,53.358,200,3016,true
read,key0046,51.221,200,3017,true
read,key0042,51.911,200,2994,true
read,key0028,50.898,200,3016,true
read,key0002,51.136,200,2910,true
read,key0032,50.947,200,3026,false
read,key0002,55.314,200,2910,true
write,key0027,0.513,201,0,false
read,key0010,52.678,200,3015,true
read,key0033,54.162,200,3024,true
read,key0027,52.524,200,2977,true
read,key0047,53.744,200,3014,true
read,key0036,53.593,200,2955,true
read,key0037,56.383,200,3001,false
read,key0047,51.755,200,3014,true
read,key0032,52.707,200,3026,false
write,key0022,0.949,201,0,false
read,key0031,52.387,200,3018,true
read,key0022,59.398,200,2964,true
read,key0029,51.359,200,3022,true
read,key0018,56.406,200,2997,true
read,key0015,52.633,200,2987,true
read,key0016,51.883,200,3013,true
read,key0040,57.885,200,2996,true
read,key0006,57.928,200,2974,true
read,key0048,53.113,200,2998,true
read,key0021,51.397,200,3027,true
read,key0005,50.623,200,2992,true
read,key0025,52.651,200,3004,true
read,key0048,50.909,200,2998,true
read,key0039,51.174,200,3002,true
read,key0019,55.589,200,2958,true
read,key0024,56.881,200,2988,true
read,key0011,52.797,200,2968,true
read,key0042,52.141,200,2994,true
read,key0020,52.093,200,3012,true
read,key0045,54.066,200,2990,true
read,key0000,54.536,200,3021,true
read,key0028,52.678,200,3016,true
read,key0006,55.735,200,2974,true
read,key0035,56.631,200,2859,true
read,key0027,54.587,200,2977,true
read,key0002,56.964,200,2910,true
read,key0034,54.704,200,2975,true
read,key0047,54.842,200,3014,true
read,key0001,55.378,200,2948,true
read,key0025,52.684,200,3004,true
read,key0035,52.370,200,2859,true
read,key0023,56.614,200,2999,true
read,key0007,52.085,200,3028,false
read,key0023,52.086,200,2999,true
write,key0004,1.330,201,0,false
read,key0047,52.330,200,3014,true
read,key0028,53.682,200,3016,true
read,key0039,51.347,200,3002,true
read,key0000,52.831,200,3021,true
write,key0000,0.465,201,0,false
read,key0041,53.835,200,3020,true
read,key0021,51.135,200,3027,true
read,key0028,53.832,200,3016,true
write,key0041,1.359,201,0,false
read,key0016,51.468,200,3013,true
read,key0028,53.064,200,3016,true
read,key0034,54.361,200,2975,true
read,key0025,52.358,200,3004,true
read,key0014,52.358,200,2983,true
read,key0038,54.237,200,2967,true
read,key0034,53.252,200,2975,true
read,key0037,53.828,200,3001,false
read,key0002,51.782,200,2910,true
read,key0046,56.669,200,3017,true
write,key0027,0.448,201,0,false
read,key0000,50.864,200,3021,true
read,key0032,51.424,200,3026,false
read,key0035,50.470,200,2859,true
read,key0000,51.720,200,3021,true
read,key0034,51.131,200,2975,true
read,key0018,55.930,200,2997,true
read,key0036,53.088,200,2955,true
read,key0020,57.093,200,3012,true
read,key0000,55.536,200,3021,true
read,key0040,51.949,200,2996,true
read,key0025,51.231,200,3004,true
read,key0042,52.233,200,2994,true
read,key0003,58.883,200,3025,false
read,key0030,51.692,200,2872,true
read,key0018,51.420,200,2997,true
read,key0023,51.752,200,2999,true
read,key0000,51.629,200,3021,true
read,key0000,53.066,200,3021,true
read,key0017,50.829,200,3019,true
read,key0036,51.234,200,2955,true
read,key0029,51.435,200,3022,true
read,key0043,51.678,200,2787,true
read,key0025,52.089,200,3004,true
read,key0009,56.213,200,2920,true
read,key0014,57.464,200,2983,true
read,key0028,52.827,200,3016,true
write,key0026,0.460,201,0,false
read,key0030,50.828,200,2872,true
read,key0017,50.527,200,3019,true
read,key0014,54.438,200,2983,true
read,key0043,52.121,200,2787,true
read,key0018,54.318,200,2997,true
read,key0033,52.013,200,3024,true
read,key0035,52.331,200,2859,true
write,key0006,1.362,201,0,false
read,key0018,50.989,200,2997,true
read,key0013,53.997,200,3023,true
read,key0013,54.057,200,3023,true
read,key0004,54.397,200,2871,true
read,key0045,51.396,200,2990,true
read,key0003,51.074,200,3025,false
read,key0033,51.164,200,3024,true
read,key0006,51.777,200,2974,true
read,key0009,51.093,200,2920,true
read,key0024,51.294,200,2988,true
write,key0037,0.843,201,0,false
read,key0007,50.973,200,3028,false
read,key0010,51.602,200,3015,true
read,key0036,52.338,200,2955,true
read,key0011,50.808,200,2968,true
read,key0048,52.895,200,2998,true
read,key0014,51.910,200,2983,true
read,key0022,53.183,200,2964,true
read,key0011,51.969,200,2968,true
read,key0023,51.850,200,2999,true
read,key0037,53.645,200,3001,true
read,key0000,55.358,200,3021,true
read,key0010,51.406,200,3015,true
write,key0030,1.554,201,0,false
read,key0001,51.947,200,2948,true
read,key0014,53.109,200,2983,true
read,key0010,52.276,200,3015,true
read,key0026,51.889,200,2993,true
read,key0015,50.788,200,2987,true
read,key0026,53.155,200,2993,true
read,key0038,52.196,200,2967,true
read,key0032,51.537,200,3026,false
read,key0002,52.628,200,2910,true
read,key0016,50.637,200,3013,true
read,key0014,51.063,200,2983,true
read,key0026,50.668,200,2993,true
read,key0000,51.921,200,3021,true
write,key0002,1.094,201,0,false
read,key0034,50.890,200,2975,true
read,key0027,51.500,200,2977,true
read,key0008,54.018,200,2989,true
read,key0037,53.848,200,3001,true
read,key0005,54.425,200,2992,true
read,key0019,53.835,200,2958,true
read,key0006,51.894,200,2974,true
read,key0035,51.994,200,2859,true
read,key0014,52.055,200,2983,true
read,key0012,50.880,200,3008,true
read,key0006,51.930,200,2974,true
read,key0035,52.030,200,2859,true
read,key0007,50.838,200,3028,false
read,key0046,51.223,200,3017,true
read,key0002,51.239,200,2910,true
read,key0002,50.940,200,2910,true
read,key0006,56.224,200,2974,true
read,key0019,51.378,200,2958,true
read,key0017,54.010,200,3019,true
read,key0039,51.086,200,3002,true
read,key0040,51.115,200,2996,true
read,key0042,51.446,200,2994,true
read,key0049,54.498,200,2803,true
read,key0004,51.754,200,2871,true
read,key0035,52.026,200,2859,true
read,key0010,50.747,200,3015,true
read,key0012,50.993,200,3008,true
read,key0036,51.625,200,2955,true
read,key0004,53.169,200,2871,true
read,key0027,51.183,200,2977,true
write,key0030,0.626,201,0,false
read,key0006,50.895,200,2974,true
read,key0038,51.858,200,2967,true
read,key0036,52.108,200,2955,true
read,key0014,51.679,200,2983,true
read,key0003,52.923,200,3025,false
read,key0015,52.260,200,2987,true
read,key0031,51.737,200,3018,true
read,key0011,51.005,200,2968,true
read,key0010,51.270,200,3015,true
read,key0047,52.719,200,3014,true
read,key0012,51.918,200,3008,true
read,key0006,51.135,200,2974,true
read,key0010,53.017,200,3015,true
read,key0003,54.582,200,3025,false
read,key0042,54.877,200,2994,true
read,key0003,55.507,200,3025,false
read,key0046,59.025,200,3017,true
read,key0015,61.371,200,2987,true
read,key0007,52.486,200,3028,false
read,key0015,59.946,200,2987,true
read,key0032,61.752,200,3026,false
read,key0043,51.253,200,2787,true
write,key0020,5.023,201,0,false
read,key0038,51.202,200,2967,true
write,key0035,7.651,201,0,false
read,key0010,51.637,200,3015,true
read,key0012,52.308,200,3008,true
read,key0020,51.334,200,3012,true
read,key0034,53.179,200,2975,true
read,key0044,51.030,200,2895,true
read,key0040,51.714,200,2996,true
read,key0012,51.090,200,3008,true
read,key0036,51.933,200,2955,true
read,key0012,51.786,200,3008,true
read,key0025,52.682,200,3004,true
read,key0024,54.383,200,2988,true
read,key0011,52.542,200,2968,true
read,key0026,57.786,200,2993,true
read,key0040,63.872,200,2996,true
read,key0034,53.921,200,2975,true
read,key0046,52.920,200,3017,true
read,key0033,51.152,200,3024,true
read,key0003,51.475,200,3025,false
read,key0028,51.797,200,3016,true
write,key0049,1.863,201,0,false
read,key0029,51.800,200,3022,true
read,key0028,63.854,200,3016,true
read,key0036,59.097,200,2955,true
read,key0038,54.484,200,2967,true
read,key0047,52.229,200,3014,true
read,key0049,52.651,200,2803,true
read,key0018,51.967,200,2997,true
read,key0005,50.727,200,2992,true
read,key0024,51.307,200,2988,true
read,key0005,51.337,200,2992,true
read,key0032,51.065,200,3026,false
write,key0033,0.689,201,0,false
read,key0037,53.192,200,3001,true
read,key0005,51.976,200,2992,true
read,key0031,51.758,200,3018,true
read,key0047,52.253,200,3014,true
read,key0012,54.926,200,3008,true
read,key0012,54.931,200,3008,true
read,key0013,51.617,200,3023,true
read,key0027,51.556,200,2977,true
write,key0025,1.623,201,0,false
read,key0010,52.096,200,3015,true
read,key0034,50.900,200,2975,true
read,key0038,56.254,200,2967,true
write,key0038,1.178,201,0,false
read,key0045,52.682,200,2990,true
write,key0002,0.695,201,0,false
read,key0031,52.186,200,3018,true
read,key0045,51.499,200,2990,true
read,key0012,52.263,200,3008,true
read,key0014,51.676,200,2983,true
read,key0048,52.109,200,2998,true
read,key0048,51.727,200,2998,true
read,key0020,52.424,200,3012,true
read,key0021,51.267,200,3027,true
read,key0025,53.665,200,3004,true
read,key0002,50.887,200,2910,true
read,key0041,51.662,200,3020,true
read,key0011,51.820,200,2968,true
read,key0005,52.595,200,2992,true
read,key0039,52.376,200,3002,true
read,key0032,52.661,200,3026,false
read,key0028,51.251,200,3016,true
read,key0020,53.843,200,3012,true
read,key0017,52.476,200,3019,true
write,key0006,0.478,201,0,false
read,key0002,52.692,200,2910,true
read,key0048,53.784,200,2998,true
read,key0023,52.675,200,2999,true
read,key0006,50.793,200,2974,true
read,key0013,51.232,200,3023,true
read,key0041,54.003,200,3020,true
read,key0030,51.952,200,2872,true
write,key0038,0.400,201,0,false
read,key0030,51.812,200,2872,true
write,key0031,1.111,201,0,false
read,key0040,50.969,200,2996,true
write,key0024,0.408,201,0,false
read,key0044,50.946,200,2895,true
read,key0024,51.524,200,2988,true
read,key0040,55.618,200,2996,true
read,key0018,51.114,200,2997,true
read,key0012,51.620,200,3008,true
read,key0033,52.711,200,3024,true
read,key0029,51.482,200,3022,true
read,key0048,52.835,200,2998,true
read,key0008,53.449,200,2989,true
write,key0007,1.667,201,0,false
read,key0012,51.370,200,3008,true
read,key0015,50.937,200,2987,true
read,key0042,55.140,200,2994,true
read,key0017,55.509,200,3019,true
read,key0029,52.586,200,3022,true
read,key0017,51.120,200,3019,true
read,key0024,50.852,200,2988,true
read,key0000,52.985,200,3021,true
read,key0015,53.629,200,2987,true
read,key0021,50.937,200,3027,true
read,key0043,52.763,200,2787,true
read,key0045,52.972,200,2990,true
read,key0010,53.708,200,3015,true
write,key0025,0.628,201,0,false
read,key0047,53.664,200,3014,true
read,key0049,52.366,200,2803,true
read,key0000,51.281,200,3021,true
read,key0016,51.349,200,3013,true
read,key0044,54.985,200,2895,true
read,key0017,51.488,200,3019,true
read,key0041,52.898,200,3020,true
read,key0025,52.687,200,3004,true
read,key0007,56.885,200,3028,true
read,key0041,51.892,200,3020,true
read,key0020,56.218,200,3012,true
read,key0048,51.120,200,2998,true
read,key0028,57.560,200,3016,true
read,key0031,57.403,200,3018,true
read,key0015,50.935,200,2987,true
read,key0009,51.938,200,2920,true
read,key0021,50.721,200,3027,true
read,key0026,50.982,200,2993,true
read,key0036,52.810,200,2955,true
read,key0015,51.650,200,2987,true
read,key0025,51.647,200,3004,true
read,key0030,53.057,200,2872,true
read,key0016,51.935,200,3013,true
read,key0046,51.443,200,3017,true
read,key0049,51.946,200,2803,true
read,key0010,51.582,200,3015,true
read,key0048,52.001,200,2998,true
read,key0042,52.999,200,2994,true
read,key0043,52.733,200,2787,true
write,key0009,0.416,201,0,false
read,key0038,53.157,200,2967,true
read,key0016,50.656,200,3013,true
read,key0034,50.929,200,2975,true
read,key0043,52.827,200,2787,true
read,key0035,51.646,200,2859,true
read,key0027,51.970,200,2977,true
read,key0036,52.057,200,2955,true
read,key0028,51.861,200,3016,true
read,key0037,51.728,200,3001,true
read,key0023,51.474,200,2999,true
read,key0024,51.822,200,2988,true
read,key0038,51.908,200,2967,true
read,key0008,53.337,200,2989,true
read,key0016,50.630,200,3013,true
read,key0026,51.788,200,2993,true
read,key0023,51.804,200,2999,true
read,key0014,51.061,200,2983,true
read,key0020,52.141,200,3012,true
read,key0049,51.315,200,2803,true
read,key0030,51.622,200,2872,true
write,key0041,3.785,201,0,false
write,key0016,1.648,201,0,false
read,key0047,50.777,200,3014,true
read,key0015,53.582,200,2987,true
read,key0015,50.768,200,2987,true
read,key0006,51.370,200,2974,true
read,key0036,52.172,200,2955,true
read,key0023,51.182,200,2999,true
read,key0033,51.213,200,3024,true
read,key0029,51.767,200,3022,true
read,key0000,54.165,200,3021,true
read,key0001,51.216,200,2948,true
read,key0027,51.182,200,2977,true
read,key0030,51.333,200,2872,true
read,key0003,52.714,200,3025,false
write,key0043,1.984,201,0,false
read,key0005,52.105,200,2992,true
read,key0013,52.316,200,3023,true
read,key0009,51.882,200,2920,true
read,key0023,53.104,200,2999,true
write,key0049,0.602,201,0,false
read,key0000,60.455,200,3021,true
read,key0015,50.967,200,2987,true
read,key0047,57.200,200,3014,true
read,key0009,56.017,200,2920,true
read,key0048,56.672,200,2998,true
read,key0005,51.872,200,2992,true
write,key0034,0.608,201,0,false
read,key0032,59.565,200,3026,false
read,key0030,51.285,200,2872,true
read,key0004,53.039,200,2871,true
read,key0003,53.100,200,3025,false
read,key0030,61.148,200,2872,true
write,key0044,0.509,201,0,false
read,key0025,54.824,200,3004,true
read,key0002,51.008,200,2910,true
read,key0034,52.752,200,2975,true
read,key0022,52.646,200,2964,true
read,key0025,53.059,200,3004,true
read,key0036,51.684,200,2955,true
write,key0020,1.006,201,0,false
read,key0027,52.063,200,2977,true
read,key0041,55.135,200,3020,true
read,key0030,51.939,200,2872,true
read,key0017,52.583,200,3019,true
read,key0023,52.634,200,2999,true
read,key0020,51.958,200,3012,true
read,key0034,52.036,200,2975,true
write,key0026,0.533,201,0,false
read,key0004,52.821,200,2871,true
read,key0045,52.310,200,2990,true
read,key0039,52.346,200,3002,true
read,key0031,54.549,200,3018,true
read,key0003,50.940,200,3025,false
read,key0036,50.979,200,2955,true
read,key0047,53.675,200,3014,true
read,key0046,53.926,200,3017,true
read,key0007,51.969,200,3028,true
read,key0027,52.951,200,2977,true
read,key0017,52.972,200,3019,true
read,key0032,51.951,200,3026,false
read,key0010,50.918,200,3015,true
read,key0026,52.401,200,2993,true
read,key0009,53.565,200,2920,true
read,key0023,51.079,200,2999,true
write,key0011,3.818,201,0,false
read,key0042,52.512,200,2994,true
read,key0003,53.105,200,3025,false
read,key0025,51.038,200,3004,true
read,key0034,52.530,200,2975,true
read,key0030,51.030,200,2872,true
read,key0030,53.749,200,2872,true
read,key0038,55.218,200,2967,true
read,key0048,52.720,200,2998,true
read,key0009,53.855,200,2920,true
read,key0023,54.933,200,2999,true
read,key0030,52.349,200,2872,true
read,key0005,51.891,200,2992,true
read,key0049,51.036,200,2803,true
read,key0019,51.086,200,2958,true
read,key0028,52.690,200,3016,true
write,key0033,0.655,201,0,false
read,key0008,51.946,200,2989,true
write,key0022,1.468,201,0,false
read,key0022,51.133,200,2964,true
read,key0006,52.108,200,2974,true
read,key0047,53.319,200,3014,true
read,key0023,54.456,200,2999,true
read,key0024,51.706,200,2988,true
read,key0010,51.691,200,3015,true
read,key0000,50.743,200,3021,true
read,key0036,51.712,200,2955,true
read,key0030,56.068,200,2872,true
read,key0012,51.104,200,3008,true
read,key0049,51.043,200,2803,true
read,key0033,52.453,200,3024,true
read,key0006,52.922,200,2974,true
read,key0032,54.407,200,3026,false
read,key0027,50.870,200,2977,true
read,key0027,51.046,200,2977,true
read,key0046,51.163,200,3017,true
read,key0020,53.733,200,3012,true
read,key0005,52.272,200,2992,true
read,key0044,52.219,200,2895,true
read,key0043,52.021,200,2787,true
read,key0015,53.880,200,2987,true
read,key0026,53.853,200,2993,true
write,key0012,1.591,201,0,false
read,key0014,51.251,200,2983,true
write,key0002,0.584,201,0,false
read,key0029,52.012,200,3022,true
read,key0042,52.037,200,2994,true
read,key0025,50.954,200,3004,true
read,key0032,51.105,200,3026,false
read,key0022,53.212,200,2964,true
read,key0025,51.164,200,3004,true
read,key0018,55.881,200,2997,true
read,key0042,53.213,200,2994,true
read,key0047,52.579,200,3014,true
read,key0049,55.788,200,2803,true
read,key0026,51.520,200,2993,true
read,key0048,50.988,200,2998,true
read,key0039,53.410,200,3002,true
read,key0011,50.698,200,2968,true
read,key0028,52.196,200,3016,true
read,key0046,52.967,200,3017,true
read,key0020,53.156,200,3012,true
read,key0042,50.975,200,2994,true
read,key0005,54.760,200,2992,true
read,key0024,50.695,200,2988,true
read,key0004,57.260,200,2871,true
read,key0017,52.312,200,3019,true
write,key0016,4.801,201,0,false
write,key0045,8.080,201,0,false
read,key0046,58.517,200,3017,true
read,key0038,53.852,200,2967,true
read,key0033,54.568,200,3024,true
read,key0033,55.087,200,3024,true
read,key0033,52.000,200,3024,true
read,key0039,52.982,200,3002,true
read,key0014,52.203,200,2983,true
read,key0009,52.658,200,2920,true
read,key0019,51.827,200,2958,true
write,key0028,3.030,201,0,false
read,key0032,50.708,200,3026,false
read,key0023,51.140,200,2999,true
read,key0005,51.666,200,2992,true
read,key0003,53.229,200,3025,false
read,key0021,53.042,200,3027,true
read,key0012,52.813,200,3008,true
read,key0044,53.138,200,2895,true
read,key0022,61.733,200,2964,true
read,key0018,56.411,200,2997,true
read,key0012,53.706,200,3008,true
read,key0009,67.034,200,2920,true
read,key0007,71.285,200,3028,true
read,key0044,52.145,200,2895,true
read,key0003,72.628,200,3025,false
write,key0018,1.080,201,0,false
read,key0003,62.139,200,3025,false
read,key0049,51.363,200,2803,true
read,key0021,52.480,200,3027,true
read,key0019,52.225,200,2958,true
read,key0027,61.198,200,2977,true
read,key0028,51.032,200,3016,true
read,key0005,51.146,200,2992,true
read,key0027,51.874,200,2977,true
write,key0026,0.473,201,0,false
read,key0041,52.571,200,3020,true
read,key0041,52.865,200,3020,true
read,key0023,51.410,200,2999,true
write,key0031,0.407,201,0,false
read,key0042,52.979,200,2994,true
write,key0000,0.401,201,0,false
read,key0041,51.328,200,3020,true
read,key0025,51.271,200,3004,true
read,key0042,51.220,200,2994,true
read,key0024,51.159,200,2988,true
read,key0023,53.830,200,2999,true
read,key0007,52.850,200,3028,true
read,key0003,53.332,200,3025,false
read,key0044,53.668,200,2895,true
read,key0001,51.876,200,2948,true
read,key0024,52.139,200,2988,true
read,key0032,53.594,200,3026,false
read,key0000,50.820,200,3021,true
read,key0019,52.183,200,2958,true
read,key0000,52.650,200,3021,true
read,key0022,51.108,200,2964,true
write,key0018,2.778,201,0,false
read,key0021,53.631,200,3027,true
read,key0010,51.378,200,3015,true
read,key0005,53.430,200,2992,true
read,key0010,56.227,200,3015,true
read,key0038,51.839,200,2967,true
read,key0021,51.436,200,3027,true
read,key0033,51.015,200,3024,true
read,key0039,51.761,200,3002,true
read,key0013,53.701,200,3023,true
read,key0011,51.605,200,2968,true
read,key0004,50.841,200,2871,true
read,key0045,51.612,200,2990,true
read,key0035,51.850,200,2859,true
read,key0012,52.918,200,3008,true
read,key0027,53.175,200,2977,true
read,key0019,53.011,200,2958,true
read,key0002,53.213,200,2910,true
write,key0048,0.536,201,0,false
read,key0040,54.014,200,2996,true
read,key0046,52.746,200,3017,true
write,key0028,0.988,201,0,false
read,key0036,56.167,200,2955,true
read,key0029,52.213,200,3022,true
read,key0037,52.000,200,3001,true
read,key0029,51.333,200,3022,true
read,key0031,51.212,200,3018,true
read,key0002,50.963,200,2910,true
read,key0041,53.696,200,3020,true
read,key0045,53.693,200,2990,true
read,key0005,50.909,200,2992,true
read,key0048,53.877,200,2998,true
read,key0036,51.204,200,2955,true
read,key0032,51.292,200,3026,false
read,key0022,50.685,200,2964,true
read,key0025,51.909,200,3004,true
read,key0033,51.836,200,3024,true
read,key0000,51.237,200,3021,true
read,key0031,51.265,200,3018,true
read,key0008,53.830,200,2989,true
read,key0040,53.257,200,2996,true
read,key0046,55.060,200,3017,true
write,key0022,0.762,201,0,false
read,key0039,52.682,200,3002,true
read,key0042,51.579,200,2994,true
read,key0039,52.383,200,3002,true
read,key0048,52.029,200,2998,true
read,key0019,52.411,200,2958,true
read,key0008,51.656,200,2989,true
read,key0015,50.713,200,2987,true
read,key0035,50.739,200,2859,true
write,key0033,0.418,201,0,false
write,key0004,0.387,201,0,false
read,key0019,50.990,200,2958,true
read,key0002,52.052,200,2910,true
read,key0046,51.159,200,3017,true
read,key0008,51.135,200,2989,true
read,key0006,51.252,200,2974,true
read,key0031,52.967,200,3018,true
read,key0044,50.790,200,2895,true
read,key0046,50.991,200,3017,true
read,key0005,53.066,200,2992,true
write,key0001,0.622,201,0,false
read,key0025,54.607,200,3004,true
read,key0004,52.827,200,2871,true
read,key0049,51.827,200,2803,true
read,key0048,51.964,200,2998,true
read,key0025,51.042,200,3004,true
read,key0046,50.950,200,3017,true
read,key0009,50.952,200,2920,true
read,key0020,52.581,200,3012,true
read,key0038,51.887,200,2967,true
read,key0049,51.391,200,2803,true
read,key0035,52.242,200,2859,true
read,key0013,53.192,200,3023,true
read,key0035,52.804,200,2859,true
read,key0047,52.651,200,3014,true
read,key0049,51.988,200,2803,true
read,key0044,54.098,200,2895,true
read,key0010,52.073,200,3015,true
read,key0022,53.341,200,2964,true
read,key0033,50.720,200,3024,true
read,key0019,51.268,200,2958,true
read,key0000,52.361,200,3021,true
read,key0012,53.493,200,3008,true
read,key0042,53.963,200,2994,true
read,key0008,57.369,200,2989,true
